doctor_id,doctor_name,specialization
4282989767,Dr. Thomas Sparks,Neurology
2949010187,Dr. Whitney Malone,Urology
9166535905,Dr. Michael Johnson,Radiology
6535868309,Dr. Melissa Sullivan,Obstetrics and Gynecology
5125339610,Dr. Corey Phillips,Anesthesiology
5349967656,Dr. Emily Parker,Nephrology
9547809992,Dr. William Blackwell,Dermatology
7457721895,Dr. Dean Travis,Neurology
7812109972,Dr. Lori Beck,Obstetrics and Gynecology
5063336117,Dr. Bruce Anderson,Nephrology
1213065693,Dr. Patrick Dunn,Dentistry
3942322133,Dr. Joshua Reyes,ENT
2429667633,Dr. Toni Luna,Oncology
7990114544,Dr. Caleb Franco,Obstetrics and Gynecology
2307300458,Dr. Jennifer Vaughn,Neurology
2407796952,Dr. Pamela Dean,Hematology
3652064947,Dr. Edward Roberts,Cardiology
1461519549,Dr. Candace Cardenas,Pathology
5274003658,Dr. Eduardo Johnson,Radiology
6929341227,Dr. Lynn Haynes,Cardiology
3082066511,Dr. Ann Nguyen,Pediatrics
2943387759,Dr. Joshua Atkinson,Pulmonology
7411850302,Dr. Anthony Bowman,Radiology
2361956297,Dr. Teresa Garrett,Ophthalmology
5624191451,Dr. Nicholas Phillips,Dermatology
3642243003,Dr. Roberto Dunn,Cardiology
3922092262,Dr. Benjamin Montgomery,General Surgery
8031283560,Dr. Nathan Adams,Radiology
7431291838,Dr. Corey Bautista,Anesthesiology
6824616477,Dr. Carrie Evans,Dentistry
4573011667,Dr. Kimberly Booth,Orthopedics
3748705304,Dr. Eric Moore,Pulmonology
7000538359,Dr. Randall Hamilton,Endocrinology
4960341860,Dr. Corey Harris,Urology
7332706061,Dr. Patrick Robinson,Pathology
8044993410,Dr. John Morse,Oncology
2514790078,Dr. Marvin White,Radiology
7758441014,Dr. Tanya Ryan,Pulmonology
8340619186,Dr. Alison Rodriguez,Pediatrics
6238440442,Dr. Michael Anderson,Dermatology
4749710896,Dr. Michael Stevens,Pediatrics
4587795209,Dr. Kristen Hammond,Ophthalmology
2748402274,Dr. Jennifer Ayala,Gastroenterology
6023856939,Dr. David Terry,Cardiology
1170536823,Dr. Elizabeth Deleon,General Surgery
9824059710,Dr. Lisa Burch,Urology
7594897030,Dr. Hannah Wyatt,Obstetrics and Gynecology
3633382591,Dr. Jacqueline Potter,Neurology
3620043019,Dr. Scott Hunter,ENT
7610410720,Dr. Brian Bradley,Cardiology
8703052790,Dr. Wendy Vance,Oncology
7533477961,Dr. Joseph Nelson,Ophthalmology
7288627244,Dr. Ryan Sanders,Urology
9192339143,Dr. Teresa West,Dermatology
9433519570,Dr. Michael Robinson,Nephrology
6429339739,Dr. Pamela Mcfarland,Anesthesiology
9362601771,Dr. Lawrence Pugh,Hematology
3015327661,Dr. David Stephenson,Endocrinology
1583630112,Dr. Dustin Williams,Hematology
7508406932,Dr. Peggy Oliver,General Surgery
9376946715,Dr. Jesse Lester,Pulmonology
5205512021,Dr. Caroline Wells,Radiology
2928761434,Dr. Cheyenne Willis,Urology
9935077559,Dr. Donald Mcconnell,Ophthalmology
3255952982,Dr. Jay Parker,Radiology
4648977625,Dr. Steven Jackson,General Surgery
8064442020,Dr. Brian Vasquez,ENT
1380277265,Dr. Kimberly Fuller,Cardiology
4919784086,Dr. Brian Smith,Obstetrics and Gynecology
9650924490,Dr. Joseph Elliott,Urology
6881543471,Dr. Ronald Villegas,Pediatrics
3407612481,Dr. Charles Williams,Endocrinology
2166223731,Dr. Jamie Rodriguez,General Surgery
8027825412,Dr. David Flowers,Cardiology
4020037847,Dr. Nathan Rios,Anesthesiology
9591477441,Dr. Samuel Watts,Anesthesiology
1046083018,Dr. Tina House,Anesthesiology
3388571237,Dr. Cassandra Mueller,Dermatology
3519635235,Dr. David Wilkinson,Cardiology
2797744456,Dr. James Wagner,Oncology
