"patient_id","address","created_at","dob","email","first_name","gender","last_name","phone_number"
"6214567733","80179 Simpson Park Suite 833, New Holly, LA 40560","2023-06-20 15:47:38","1983-04-10","fbaxter@porter.com","Dylan","Male","Walker","8044787711"
"1256830268","0018 Shawn Stravenue, Nicholsonside, KY 86631","2023-11-14 16:50:48","1999-04-28","davisisaiah@gomez.info","Michelle","Female","Hammond","2336694735"
"5132449396","7884 Jones Tunnel, Belindastad, MO 87754","2025-05-09 00:03:30","1993-11-09","jessica08@forbes.biz","Robert","Male","Cohen","3529253075"
"9937445673","2154 Andrade Extension Apt. 371, New Patrick, WA 33273","2025-08-11 10:29:36","1991-11-01","nguyenjason@hotmail.com","Jackie","Female","Rodriguez","2579199395"
"1043627759","5025 Blair Fork, Bonillamouth, PA 11121","2022-05-31 00:03:34","1991-01-23","doliver@richards.info","Tyler","Male","Baker","2147642391"
"3698489219","3651 Christina Bridge Apt. 858, North Beverly, KY 41916","2023-12-27 04:45:16","1935-09-14","tgonzalez@hotmail.com","Michael","Male","Henderson","8162892735"
"1361113848","0073 Copeland Pass Suite 496, Williamfurt, NE 64667","2020-01-18 01:39:42","1959-08-26","brandon20@yahoo.com","Carrie","Female","Thornton","2358318097"
"3766042232","Unit 1531 Box 7431, DPO AA 61700","2025-02-11 07:28:05","1980-05-17","janicelopez@dorsey.biz","Dawn","Female","Curtis","6736406014"
"7492593266","174 Woodward Pines Suite 751, East Anna, DE 87897","2020-02-13 04:46:58","1939-01-28","brittanyhoward@yahoo.com","Denise","Female","Gonzalez","7263688318"
"8282351290","USNS Jones, FPO AP 09107","2024-04-23 07:02:31","1978-05-24","changphilip@hotmail.com","Thomas","Male","Lewis","3914221032"
"9411875002","267 Morgan Bridge, East David, AL 07656","2021-06-26 04:39:09","1983-05-30","mariahanson@rose.com","Ann","Female","Garza","4629942711"
"4892835819","4227 Riggs Trace Apt. 230, Bellburgh, NJ 96653","2021-06-29 04:31:37","2003-08-27","jgutierrez@hamilton.com","Douglas","Male","Mason","9165131454"
"1025289661","64373 Mcdonald Island Suite 773, Ericburgh, WV 87850","2020-03-11 18:07:21","1940-02-26","mmorris@shaw-hernandez.com","Harold","Male","Smith","4356786051"
"4881094922","967 Howe Cliff Suite 253, Mariemouth, AK 67508","2020-07-08 06:13:14","1951-07-13","ihays@yahoo.com","Robert","Male","Hicks","9138834339"
"1298304758","48466 Roberto Springs, Lynchhaven, HI 83003","2022-09-27 11:57:22","1980-03-11","william47@gmail.com","Lawrence","Male","Palmer","8175786145"
"2169566925","7009 Robyn Court, East Lindaland, DC 56551","2024-06-03 02:34:10","1973-05-06","luis64@wagner-gross.org","Julian","Male","Hubbard","4086382499"
"4224019632","61141 Faith Station Suite 709, Larsenburgh, DC 90910","2024-02-05 17:28:13","1998-07-08","nmcgee@hotmail.com","Gregory","Male","Jones","7199978792"
"9252599036","12465 Carpenter Ville Apt. 512, Lake Justin, TN 58762","2023-12-13 21:06:43","1954-02-07","nguyenvincent@garza.com","Joshua","Male","Herman","5872784362"
"1922994421","Unit 2945 Box 5333, DPO AE 88728","2021-11-06 06:17:51","1979-08-15","stonejulie@horton.net","David","Male","Lee","8405388063"
"4148198527","916 Martinez Valleys, Cindytown, NC 96171","2021-03-05 17:19:41","1967-07-14","natashabarnes@gmail.com","Vanessa","Female","Shah","6302682758"
"3970655011","78197 Adams Spring, Lake Laura, HI 43072","2025-01-11 17:36:13","1948-02-01","toddchristopher@yahoo.com","David","Male","Wright","9393612526"
"6701719271","0931 Norman Forges Apt. 759, West Dianaview, WV 67424","2024-11-29 06:13:46","1962-06-17","brownlinda@yahoo.com","Danny","Male","Johnson","9048498515"
"3369808134","26134 Jordan Points, East Darren, IA 58808","2024-05-24 05:06:23","1967-10-30","amber93@white-ross.com","Janice","Female","Bartlett","7026813005"
"8572092793","55913 Sanchez Parks Suite 080, Port Brenda, NV 30561","2023-07-23 20:25:05","1973-08-19","christopher01@smith.org","Suzanne","Female","Miller","5103873413"
"9491016161","2148 Sarah Radial Apt. 932, Lake Stephanieland, KY 03780","2021-05-01 00:00:02","1956-05-01","kingrebecca@barton-carroll.net","Bradley","Male","Bryan","4993537650"
"1224968346","PSC 2074, Box 7136, APO AP 95573","2022-09-23 06:00:15","1991-02-15","christopher17@luna.com","Stacey","Female","Marsh","9337154852"
"6067832661","2232 Black Viaduct, North Terri, MA 32958","2025-07-30 18:14:31","1966-02-28","jimenezrobert@lang-barnes.info","David","Male","Barber","6955727213"
"2580056163","9138 Raymond Loaf Apt. 659, South Erika, KY 95688","2020-10-06 14:07:25","2003-07-15","samuel58@davis.com","Travis","Male","Gutierrez","8215094481"
"4070278058","649 Kristy Drive, Robertoton, WA 90710","2021-10-02 20:09:15","1948-05-18","michelleli@simmons.org","Robert","Male","Mitchell","7778144903"
"4748347714","43588 Elizabeth Mall, North Andrea, NV 51905","2021-12-29 08:12:05","1966-10-31","raymond57@hotmail.com","Jesse","Male","Johnson","4815431220"
"9141229212","1883 Eric Prairie, East Larry, CO 16876","2024-12-05 09:30:44","1972-03-23","michelle19@gmail.com","Tara","Female","Lynch","5095897963"
"3233258401","11942 Daniel Estates, East Kathryn, MI 88859","2020-08-14 01:21:50","2006-05-21","carlosrobbins@gmail.com","Kelly","Female","Browning","2754791022"
"1509914968","182 Alexander Shores Suite 481, Lake Katie, UT 01925","2022-03-04 23:32:34","1959-11-23","michelle12@yahoo.com","Richard","Male","Vance","5125584791"
"2675693103","1420 Mccarthy Ferry, Richardfort, IN 46889","2022-02-27 22:10:47","1944-03-15","rebeccahill@hotmail.com","Rita","Female","Cooper","9283487023"
"1983728499","809 Morales Lock, Amyborough, PA 12068","2025-08-15 04:20:07","1957-07-21","ryangaines@ray.com","Peter","Male","Cameron","9536034431"
"8991395178","199 Moore Vista, Lake Michaelborough, ID 03778","2024-01-31 10:20:49","1942-12-23","nicolebowman@yahoo.com","Kirsten","Female","Richardson","5347748145"
"8073737201","4617 Daniel Station, East Ashley, WI 15468","2023-06-25 13:54:48","1964-03-21","roger19@gmail.com","Randall","Male","Hoffman","5513018549"
"5452138873","08885 Lewis Motorway Suite 886, Nicholasbury, AL 70519","2022-09-20 07:21:20","1960-09-02","brownamber@yahoo.com","Marie","Female","Mitchell","2076755412"
"9351624672","3885 Paula Inlet Suite 306, Coryview, MD 34636","2021-02-24 18:38:10","1959-10-12","taylormarcus@yahoo.com","Casey","Female","Evans","2176184707"
"1459457831","648 Michael Oval, Andrebury, NY 94626","2022-06-26 02:04:28","1959-01-09","wesley42@hobbs-dillon.com","Angela","Female","Harris","6784889064"
"7065111670","8716 Holden Corner Apt. 049, Sweeneymouth, NV 32535","2023-11-24 03:24:08","2003-10-26","ffox@harris.biz","Cassandra","Female","Carter","5565944029"
"3094471190","0680 Rowe Heights, Perkinsside, IA 29318","2022-01-07 11:01:10","2003-07-28","rowekatelyn@ruiz.org","Jeffrey","Male","Turner","5144776986"
"8005621946","5490 Taylor Prairie, Christiemouth, CT 37829","2023-09-25 09:55:45","1992-10-30","williamswalter@yahoo.com","Brenda","Female","Barton","5439241206"
"1940212952","28986 Schroeder Bypass, North Kyle, ID 28868","2020-04-05 20:42:29","1941-08-24","lauraedwards@black.com","Jacqueline","Female","Meyers","3572505326"
"9017308572","707 Mark Curve, Freemanside, WV 69497","2020-03-16 01:28:42","1937-02-27","rodriguezjennifer@williams-duncan.biz","Samantha","Female","Larson","7302724656"
"6187377049","3444 Hull Neck Apt. 889, Scottshire, MN 65836","2024-07-22 20:22:33","1994-08-08","trevoroconnor@hotmail.com","Matthew","Male","Foster","6709651399"
"4057769154","7760 Amanda Run, Michaelfurt, MO 37194","2021-04-16 18:22:33","1981-01-02","hernandezaaron@yahoo.com","Mary","Female","Ball","4584353662"
"4737907190","6710 Tina Alley Apt. 168, Lake Paulmouth, PA 61384","2022-11-10 10:49:26","1980-07-30","millerjennifer@jackson-dixon.net","Charles","Male","Thompson","4994452512"
"4243591785","61841 Daniel Mount Suite 777, Christianfurt, IN 82631","2020-08-31 12:34:08","1965-11-26","glennjames@mullins-craig.net","Donna","Female","Duncan","5065748056"
"7099397560","291 Adam Extension, Lunafort, OH 15045","2024-12-09 08:15:09","1951-06-06","andrea89@gmail.com","Chase","Male","Peterson","9467871411"
"6674015909","657 Kathleen Club, Flynnside, MO 31328","2022-06-21 03:43:44","1998-03-20","monicachapman@pena-mccann.biz","Jason","Male","Ford","8007609164"
"6750228869","2906 Felicia Vista Suite 493, West Jasonstad, MN 52797","2023-10-25 04:30:16","1946-08-06","tiffanysmith@yahoo.com","Alyssa","Female","Ibarra","8704398244"
"8414960812","2469 Emily Island, West Philipmouth, ID 92783","2024-03-21 01:35:45","1975-12-23","swilkinson@gmail.com","Christopher","Male","Wong","9069659206"
"4214502898","994 Powers Road Suite 002, Patrickville, AR 12044","2020-02-20 16:33:04","1974-09-08","fernando05@torres.com","Brett","Male","Nelson","6108496434"
"2169206489","339 Bethany Passage, Patrickberg, LA 01616","2024-09-10 12:25:42","1971-01-30","thomascameron@thomas.com","Samantha","Female","Chavez","3836484816"
"9105857882","53787 Roy Place, Taylorburgh, OR 55360","2024-04-20 05:08:20","1991-09-21","vrobles@gmail.com","Kevin","Male","Mueller","4279789763"
"6497528586","37098 Angela Forges Suite 822, Port Shannonbury, WI 24454","2020-03-15 11:48:56","1952-11-20","donaldduncan@hotmail.com","James","Male","Owens","2498674230"
"5962379804","810 Thompson Heights Apt. 035, North Maria, MA 97652","2023-11-24 14:12:20","1948-03-27","savagematthew@jordan-ochoa.net","Michael","Male","Howard","6065301300"
"6228303543","USCGC Mays, FPO AE 97026","2023-09-21 07:27:57","1958-06-10","johnsonralph@gmail.com","Michelle","Female","Singh","2357687746"
"8237856831","743 Lisa Grove, Michaelshire, CA 63257","2022-10-18 14:34:17","1958-11-20","juanmartin@gmail.com","Jacob","Male","Allen","3366323971"
"7736384054","USS Mills, FPO AP 71446","2023-10-11 07:44:15","1955-06-04","qstark@johnson.com","Shannon","Female","Nielsen","3373418606"
"6886364656","46329 Weber Keys, West Kristin, VA 75044","2023-04-10 02:30:13","1963-07-26","christopherewing@gmail.com","Ashley","Female","Lopez","9842179388"
"3699558137","PSC 3694, Box 6927, APO AA 29804","2020-08-17 12:56:35","1978-07-16","sandyjones@hotmail.com","Jennifer","Female","Sutton","7933194801"
"4320384818","5134 Caroline Crossroad Suite 876, North Jasonshire, OH 54617","2021-04-01 15:09:45","1955-02-09","steve41@hotmail.com","John","Male","Walker","5114282326"
"1957398680","204 Lopez Springs, Beckborough, ID 27101","2020-08-18 05:33:51","1969-04-07","larsonjim@fowler.biz","Amber","Female","Taylor","3223361487"
"1010442243","81257 Debra Drive Apt. 380, New Angelaville, UT 89781","2020-09-18 14:55:12","2000-05-02","gfoster@robles.info","Christopher","Male","Jackson","2024438318"
"1129886255","PSC 9367, Box 7615, APO AP 37907","2024-01-24 06:44:30","1960-12-09","chad48@yahoo.com","Michael","Male","Gibson","9472652148"
"8997420455","9179 Jessica Mount Apt. 476, Mckenziestad, OK 99551","2021-06-15 23:42:11","1998-08-07","zachary04@thomas.org","Paul","Male","Wheeler","5599599474"
"3374060262","021 Lydia Glens Apt. 627, Deleonside, MS 48656","2023-11-09 22:14:31","1940-01-03","patriciarichardson@martin.com","Elizabeth","Female","Nelson","2574059179"
"8644356464","25360 Wong Lodge Suite 020, Erikfurt, ME 64933","2022-05-09 03:37:26","1994-08-10","gwendolynwilson@brady.com","Daniel","Male","Gibson","5074628009"
"2017392817","972 Roberts Villages, Hallton, VT 21026","2021-06-05 02:30:57","1967-07-14","mkirby@gmail.com","Russell","Male","Burke","8329117010"
"9326454370","81551 Anthony Hills, Yangborough, OK 30330","2023-12-05 11:52:47","2005-09-22","meredithcurtis@gmail.com","Richard","Male","Mcintyre","2624109794"
"7293194288","54521 Pennington Vista, Newmanmouth, WY 03776","2024-10-10 10:57:50","1973-04-20","rking@hotmail.com","Russell","Male","Ramos","3445174740"
"1960149199","2625 Cindy Stream, New Deniseport, HI 24366","2023-08-09 21:50:37","1984-03-08","zsmith@yahoo.com","Jill","Female","Cardenas","3135219336"
"5470396919","0172 Joshua View Suite 641, New Jasonchester, IL 87888","2022-08-13 02:52:43","1975-05-10","coxmelissa@gmail.com","Morgan","Female","Myers","5713024176"
"2127662887","3336 Saunders Canyon, Seantown, CO 14653","2023-04-29 08:11:41","1942-12-19","avilastephen@yahoo.com","Jeffrey","Male","Ryan","4984334563"
"9825825403","07227 Jeffrey Mall, Swansonhaven, MT 83963","2024-10-05 17:44:15","1967-05-24","kmckenzie@gamble.com","Jacqueline","Female","Anderson","4439257153"
"9415222682","9926 Davis Spurs, South Jimmyberg, ME 01609","2022-05-03 01:32:17","1992-06-07","rogerspenny@hotmail.com","Catherine","Female","Cortez","4155446610"
"7644899369","0271 Mcclure Knolls, Smithside, OR 57237","2025-08-12 08:46:55","1943-11-14","richarddixon@yahoo.com","Patricia","Female","Ball","5548817950"
"8796050122","9232 Howard Brook Apt. 732, West Jerryfort, NY 51196","2020-04-02 03:20:34","1994-01-31","lisa76@gmail.com","Justin","Male","Morris","4537577655"
"5098751967","70045 Nicholas Crest Suite 178, Port Gordon, ND 22881","2023-06-12 13:44:02","1941-06-14","qharvey@smith-johnson.net","Shawn","Male","Mcmahon","7826027154"
"4063770679","PSC 4218, Box 8087, APO AP 14172","2023-03-18 22:03:55","1951-09-16","burtondavid@yahoo.com","Timothy","Male","Shaw","8303029427"
"2277025368","285 Lisa Run Suite 261, Christyborough, DE 56020","2024-04-04 14:15:52","1963-09-27","lisasanchez@gmail.com","Bryan","Male","Hall","7924406578"
"5048890515","901 Christopher Oval, Toddview, IN 82781","2020-06-18 00:58:48","1944-01-28","smithdiane@daugherty.net","Heather","Female","Salazar","6794416282"
"1720698470","53927 Riley Camp, New Adamstad, TX 24059","2024-08-18 06:23:52","1987-06-19","williamperez@gmail.com","David","Male","Hernandez","7724528719"
"9493313230","6881 Shawn Trafficway, New Stacy, MT 31142","2025-05-23 04:31:36","1957-12-24","angelica40@andersen-lawson.biz","Sara","Female","Zhang","7363632335"
"6932439468","USCGC Robinson, FPO AA 70708","2021-09-11 04:03:03","1938-07-22","williamsshane@gmail.com","Roy","Male","Curtis","2243226268"
"7533523711","974 Mackenzie Stream Apt. 270, West Marissa, OH 78426","2025-01-07 11:44:17","1946-10-04","nathan57@boyd-boyd.com","Virginia","Female","Guerra","6105015465"
"5304592882","503 Jennifer Branch Apt. 292, Port Laurachester, GA 40717","2021-11-03 11:36:14","1985-08-16","zcohen@liu.com","Gene","Male","Parker","8415282941"
"5801197305","1181 Zhang Streets Apt. 915, Jessicaton, OK 38486","2020-05-04 08:42:49","1993-11-08","marvin81@warren.com","Terrance","Male","Bowen","7429804706"
"9661313359","89609 Janice Mount Apt. 958, Lake Cheyennechester, KS 60879","2021-07-20 05:21:52","1998-09-10","sarahrobinson@hotmail.com","Brandi","Female","Herman","3867953472"
"1186459029","138 Jared Ports Apt. 760, Alexandermouth, WY 80574","2021-03-15 10:44:07","1972-11-15","holly13@yahoo.com","Jason","Male","Cervantes","3395347368"
"3385358362","70931 Spencer Trail Apt. 009, North Tammychester, WA 91746","2022-06-16 02:58:34","1998-03-30","schwartzmichael@gmail.com","Travis","Male","Anderson","9974721385"
"3717625209","189 Watson Plaza Apt. 478, Barnestown, CO 35088","2023-08-31 02:18:56","2005-04-28","alejandrataylor@colon.com","Susan","Female","Young","7523158926"
"5465615716","9381 George Key, Donnastad, TN 72687","2022-10-15 00:00:23","1946-11-18","danielle34@yahoo.com","Kristine","Female","Villanueva","5067277038"
"2976192474","814 Stephanie Crossroad Apt. 657, Meadowsberg, IA 88352","2021-04-04 14:10:56","1948-05-12","nancyhuerta@yahoo.com","Michael","Male","Stevenson","5216598501"
"9532551150","689 Kimberly Bridge, West Jenna, ND 27800","2022-07-15 07:34:42","1970-04-15","scottwilliam@hotmail.com","Christina","Female","Reyes","6169777319"
"2146666533","22201 Bryan Parkways, South Nicholasstad, HI 77039","2020-11-16 03:23:36","1975-06-13","bbrock@hotmail.com","Terri","Female","Knight","4442997126"
"8991174291","0644 Rush Turnpike, East Adamtown, ND 68484","2025-03-24 18:30:43","1999-05-26","gina08@hotmail.com","Eric","Male","Suarez","8665706526"
"8251769746","069 Gay Orchard, Lake Levifurt, NC 98584","2023-10-25 16:02:20","1973-05-03","wujoyce@sanchez.com","John","Male","Mora","2687254891"
"7095500684","31075 Castaneda Corner Apt. 932, Garciaside, OK 58636","2022-12-16 20:39:20","1989-09-07","opalmer@hartman-allen.info","Margaret","Female","White","7209148990"
"2378101361","87595 Nolan Heights Apt. 754, Lake Jessicaville, NY 21281","2024-06-04 19:34:48","1988-04-30","sarahritter@gmail.com","Ryan","Male","Santos","6837705709"
"1550082212","92388 Gonzalez Vista, Nelsonmouth, PA 08008","2024-04-15 01:48:22","1961-10-12","ghenderson@gmail.com","Mark","Male","Bailey","3485193135"
"7220982296","942 Dudley Creek Suite 974, Douglaschester, SC 26315","2023-01-15 07:35:36","1978-07-18","robindeleon@yahoo.com","Jason","Male","Lawrence","6007222370"
"8454430834","0897 Allen Crescent Suite 170, Port Kimberly, RI 69438","2023-08-15 18:01:42","1956-11-08","deborah14@yahoo.com","Kevin","Male","Elliott","7652594081"
"9598404190","52380 Deborah Gardens Suite 155, Andradeberg, KS 98581","2022-07-27 08:03:23","1943-10-15","devonlynn@gray.com","Christopher","Male","Glover","2415841759"
"8488102855","PSC 1329, Box 9532, APO AE 71255","2021-01-10 03:53:39","1947-07-23","randall44@gmail.com","Melissa","Female","Hebert","3996737780"
"8712600441","0996 Lauren Lakes, Davidberg, OK 14684","2021-09-04 03:24:51","1936-07-01","gsellers@roman-carson.org","Tamara","Female","Taylor","6677245424"
